 MPG, Cylinders, Displacement, Horsepower, Weight, Acceleration, Model Year, Origin,
 23.514572864321607, 5.454773869346734, 193.42587939698493, 102.91214470284238, 2970.424623115578, 15.521969696969697, 76.01005025125629, 1.5728643216080402,
 23.0, 4.0, 148.5, 95.0, 2803.5, 15.5, 76.0, 1.0,
 7.8159843125657815, 1.7010042445332119, 104.26983817119591, 35.68922015912494, 846.8417741973268, 2.6800310459292245, 3.697626646732623, 0.8020548777266148,
